ID_Cliente;Nome_Cliente;Cidade;Estado;Tipo_Cliente
dbe9f082;Davi Lucas da Costa;Machado;CE;Pessoa Física
57e66d6f;Dra. Hellena Vargas;da Cunha Paulista;RS;Pessoa Física
3feaa526;Sra. Sofia Abreu;Rocha;SE;Pessoa Física
187ae98f;Catarina Garcia;Fernandes de Barros;AM;Pessoa Física
99efd9f3;Ana Clara Rezende;Fonseca;RS;Pessoa Física
773cdd56;Joaquim Costela;Andrade;BA;Pessoa Física
1f37390d;Ana Liz Sá;Leão Paulista;ES;Pessoa Física
8bae53d5;Bruna Teixeira;Macedo do Campo;CE;Pessoa Física
446bf3d6;Natália Leão;Abreu dos Dourados;RS;Pessoa Jurídica
2532022d;Hadassa Ramos;da Mata;PB;Pessoa Jurídica
271e2fe3;Lorenzo Melo;Novaes;SC;Pessoa Jurídica
99545515;Srta. Nina Melo;Lima de Pimenta;SE;Pessoa Física
5ab9ce78;Sarah Vasconcelos;Mendonça;SE;Pessoa Física
dececb9c;Luiz Henrique Carvalho;Andrade;SC;Pessoa Jurídica
4b3fb418;Maysa Lopes;Correia;PI;Pessoa Jurídica
bf6ac261;Sr. Vinicius Novais;Souza;AP;Pessoa Física
08470aae;Raul Teixeira;Cavalcanti do Campo;MA;Pessoa Física
cfc079ba;Luiz Henrique Melo;Rocha do Amparo;RR;Pessoa Física
c7eb3d59;Stella Melo;Rezende;PR;Pessoa Física
4a096c96;Caleb Sá;Campos do Galho;CE;Pessoa Jurídica
33c79354;Juan Jesus;Marques do Campo;DF;Pessoa Física
46640c40;Ravy Pinto;Rodrigues;PI;Pessoa Física
2bd6babf;André Pinto;Silveira do Amparo;MT;Pessoa Física
dd31c830;Vitória Vieira;Lima;MT;Pessoa Física
f21496c3;Luiz Felipe Machado;Leão;RJ;Pessoa Jurídica
0dda7e8b;Raul Porto;Pinto;AP;Pessoa Jurídica
cf1586f4;Srta. Ana Cecília Novaes;Gonçalves;PB;Pessoa Física
a66816ce;Natália Camargo;Teixeira da Prata;AP;Pessoa Física
938fc305;Sra. Luana Silveira;das Neves da Mata;TO;Pessoa Física
703a1b4b;João Pedro Cardoso;Freitas;SE;Pessoa Jurídica
71a80c9b;Dr. Breno Moreira;Casa Grande;RR;Pessoa Física
c5cd8262;Theo Sampaio;Pinto das Pedras;GO;Pessoa Física
150f09a0;Beatriz Araújo;Campos;RJ;Pessoa Física
840676fa;Davi Miguel da Conceição;Mendonça;BA;Pessoa Física
fa706f1b;Theodoro Aparecida;Ferreira da Prata;SC;Pessoa Física
33198a7f;Lavínia Cirino;Abreu do Galho;SE;Pessoa Física
04a1a260;Henry Monteiro;Câmara do Oeste;AC;Pessoa Física
d2536d81;Larissa Cassiano;Novaes;RO;Pessoa Física
90c00f3f;Mariah Barbosa;Barbosa;RO;Pessoa Física
2647ab0b;Srta. Ana Lívia Aparecida;Abreu;SC;Pessoa Física
957b9fc9;Mirella Correia;da Rosa;GO;Pessoa Jurídica
ba21e47e;Larissa Caldeira;Rodrigues;ES;Pessoa Física
669cc255;Anthony Gabriel Fernandes;Machado de Minas;PA;Pessoa Física
f329eced;Luan Cassiano;Vieira do Amparo;RN;Pessoa Jurídica
1012826c;Pedro Barbosa;das Neves;MT;Pessoa Física
729ee0bd;Ana Beatriz Camargo;Alves;TO;Pessoa Jurídica
8843cf94;Yuri Vargas;da Rocha do Galho;MG;Pessoa Física
1d6c475a;Valentim Barros;Fonseca do Amparo;AL;Pessoa Física
d8a66a31;Yago Barros;da Costa;RO;Pessoa Jurídica
016078c6;Lorenzo Garcia;Rocha da Serra;RR;Pessoa Jurídica
0d25010e;Vitor Gabriel Santos;Marques de Viana;AL;Pessoa Jurídica
1e5979bc;Davi Miguel Guerra;Teixeira;AC;Pessoa Jurídica
43b7aa14;Aylla Cunha;Barros Paulista;MT;Pessoa Jurídica
79ab8e6e;Davi Lucas Leão;Vargas de da Conceição;AP;Pessoa Física
20e141dc;Dr. Thales Siqueira;Almeida de Albuquerque;SC;Pessoa Jurídica
d04d747e;Mariane Gonçalves;Freitas do Oeste;PE;Pessoa Física
264fd331;Theodoro Cirino;Mendonça do Norte;MT;Pessoa Jurídica
e76ecccd;Heloísa Aragão;Leão;RS;Pessoa Jurídica
2f8c8d96;Srta. Maria Sophia Barbosa;Borges de da Costa;AP;Pessoa Física
b2ad69f9;Sr. Davi Castro;Castro;MS;Pessoa Jurídica
55331b1f;Maria Sá;Caldeira;SC;Pessoa Física
4753bb21;Maya Almeida;Guerra de Silveira;PB;Pessoa Jurídica
dc8dc116;Mathias Novaes;Campos;AM;Pessoa Jurídica
f7f3c649;Olívia Casa Grande;Machado;BA;Pessoa Jurídica
261864ad;Davi Lucas Abreu;Mendes;RS;Pessoa Jurídica
6e42e289;Dr. Liam Albuquerque;Souza;PB;Pessoa Física
36c23732;Emilly Vieira;Gomes;MS;Pessoa Física
f8df1632;Renan Machado;da Cunha;AL;Pessoa Física
337dd078;Igor Lima;Ferreira;CE;Pessoa Jurídica
c383a294;Marina Azevedo;Moura da Prata;PE;Pessoa Jurídica
dcb1d543;Maysa Freitas;Porto da Mata;PR;Pessoa Física
47d304b0;Luiz Gustavo Duarte;Duarte;PE;Pessoa Física
a47b0ba8;Maria Eduarda da Conceição;Souza Alegre;PE;Pessoa Jurídica
c05238ac;Maria Eduarda Ramos;Costa;SP;Pessoa Jurídica
849df3d7;Letícia Moraes;da Mota;DF;Pessoa Jurídica
ca982128;Ana Lívia Pereira;Souza Paulista;SC;Pessoa Física
bf31f591;Alana da Luz;Moreira das Pedras;DF;Pessoa Física
3ae390ca;Dr. Arthur Oliveira;Azevedo;SP;Pessoa Física
558aa213;Vinícius Costela;Caldeira;SE;Pessoa Física
d42de7dc;Breno Souza;da Rocha;BA;Pessoa Física
5be7c388;Benjamin Sousa;Peixoto do Sul;AC;Pessoa Jurídica
d955a698;Maria Helena Siqueira;Cavalcanti;AM;Pessoa Jurídica
13b9c01a;Ayla Garcia;Nogueira;SC;Pessoa Física
ab38b5a9;Eduarda Pimenta;Cunha;DF;Pessoa Física
ddf7f06d;Marcos Vinicius Silva;Dias de Garcia;MG;Pessoa Física
cade5b65;Ana Sophia Duarte;Pimenta;RJ;Pessoa Física
2b1af1b9;Isabel Correia;Casa Grande;GO;Pessoa Jurídica
899b07f7;Vicente Jesus;Costela Verde;MG;Pessoa Jurídica
8f35a7b2;Olivia Nunes;Sousa de Minas;PR;Pessoa Física
44fe24cc;Maria Júlia Lopes;Pacheco Grande;RN;Pessoa Jurídica
ae276d0e;Milena Melo;da Paz Alegre;SE;Pessoa Física
7b81d670;Heloisa Porto;Guerra do Amparo;AC;Pessoa Física
23dfc352;Evelyn da Rocha;Barros;RO;Pessoa Física
fb76cf9f;Srta. Laura Mendonça;Cavalcanti da Mata;AP;Pessoa Física
da9a210b;Natália Lima;Brito da Mata;PE;Pessoa Física
1d426f90;Allana Camargo;Cardoso do Norte;AL;Pessoa Física
d7a33b36;Sr. Ravy Costela;Fogaça do Oeste;SP;Pessoa Física
fbc849b6;Caroline Nascimento;Correia;PE;Pessoa Física
af1838c1;Luiz Gustavo Santos;Costa do Oeste;PE;Pessoa Física
36efac40;Sr. Enzo Castro;Pires do Norte;SC;Pessoa Física
cf9df2fc;Luan da Luz;Nogueira do Oeste;PA;Pessoa Jurídica
f05d4a5b;Luiz Fernando Cavalcante;Borges;MS;Pessoa Física
8e7932e5;Lucca Macedo;Azevedo;AC;Pessoa Física
3f75865a;Emanuella Santos;Barros;RN;Pessoa Física
15623e73;Enzo Gabriel Nunes;Leão de Porto;MG;Pessoa Jurídica
8688f005;Benicio Casa Grande;Cavalcanti;TO;Pessoa Física
f331c9ad;Pedro Henrique Macedo;Peixoto;DF;Pessoa Física
72556087;Olívia da Cruz;Barros;SP;Pessoa Física
faafc993;Apollo Santos;Cassiano da Praia;MS;Pessoa Física
7c6d4767;Diego Lima;Aparecida;RS;Pessoa Física
b787780c;Enzo Gabriel Jesus;das Neves da Serra;MA;Pessoa Física
07cfeaba;Josué da Conceição;da Cunha Grande;PA;Pessoa Física
ddf0fbcf;Vitor Andrade;da Luz;MT;Pessoa Jurídica
e041e85e;Rafael da Mota;Oliveira da Praia;SP;Pessoa Física
b0d51a52;Gael Henrique Fernandes;Vasconcelos;AP;Pessoa Física
5ea8dd34;Marcos Vinicius Cardoso;Macedo;PE;Pessoa Física
eb6f54f3;Dr. Samuel Cassiano;Carvalho de Rodrigues;RO;Pessoa Física
347a0334;Helena Abreu;Mendes;MG;Pessoa Física
7426a468;Maria Júlia Cavalcanti;Melo do Oeste;MA;Pessoa Física
dd45d746;Sr. Paulo Rodrigues;Souza das Pedras;MA;Pessoa Física
670c764d;Lorena Pereira;Caldeira do Galho;RS;Pessoa Física
a1e28168;Josué Araújo;Costela Verde;RR;Pessoa Física
8175ccb7;Caio Pacheco;Gonçalves do Norte;RN;Pessoa Física
35ad268c;Dra. Manuela Oliveira;Abreu;RR;Pessoa Jurídica
0f99e16e;Hellena Fernandes;Casa Grande de Almeida;SP;Pessoa Física
bffa765f;Pedro Rezende;Cunha Grande;DF;Pessoa Jurídica
7229aee5;Pedro Miguel Moraes;da Conceição;SP;Pessoa Jurídica
17e6cca7;Fernando Nascimento;Fonseca Verde;TO;Pessoa Jurídica
4fec1074;Dr. Alexandre Costela;Aparecida;TO;Pessoa Física
a9166779;Léo Oliveira;da Costa;PI;Pessoa Física
463c5c76;Maria Eduarda Sá;das Neves de Goiás;RO;Pessoa Física
d4c16d60;Sr. Matheus Fonseca;Moreira de Aparecida;MA;Pessoa Jurídica
a78040f7;Antonella Costa;Moreira;AL;Pessoa Física
fc21e54e;Isabelly Gomes;Moreira;MS;Pessoa Física
b6726b27;João Vitor Caldeira;Sousa da Praia;GO;Pessoa Física
9db940c5;Dra. Alexia das Neves;Garcia;MA;Pessoa Física
18b05bd7;Yan Aragão;Moraes;PI;Pessoa Física
ca8df52a;João da Rosa;Fonseca do Galho;RO;Pessoa Física
6adb9d65;Yuri Pereira;Correia de da Rocha;TO;Pessoa Física
a63536cf;Rodrigo Novaes;Pereira de Nogueira;RO;Pessoa Jurídica
0ee91658;Noah Borges;Ribeiro;RO;Pessoa Física
c9a31594;Beatriz Silva;Ribeiro Verde;CE;Pessoa Física
b750acb7;Murilo da Paz;Carvalho da Prata;SE;Pessoa Física
6b2749ac;Ana Costa;Brito;GO;Pessoa Física
8a8b7065;Fernando Campos;Nogueira;PR;Pessoa Física
5aea0e3f;Maitê Pires;Campos;RR;Pessoa Jurídica
8f1e9ec1;Theo Dias;da Rosa das Pedras;DF;Pessoa Física
5aa8e718;Ravi Lucca da Rosa;Almeida;DF;Pessoa Jurídica
f9e46846;Ana Costa;Santos;PB;Pessoa Jurídica
5d5fbc88;Luigi Cardoso;Pimenta;RO;Pessoa Física
0b9ede22;Sara Castro;Pimenta da Praia;MG;Pessoa Jurídica
8ce1bc85;Sra. Heloísa Vargas;Câmara;GO;Pessoa Física
a0c3eebd;Gustavo Carvalho;Lima;RR;Pessoa Física
eb224997;Lorena da Cunha;Dias de Minas;PB;Pessoa Física
61e57157;Isabella Novaes;Carvalho de Goiás;SP;Pessoa Jurídica
67c3b683;Joaquim Fernandes;da Rosa;MA;Pessoa Física
8c711eb6;Cauê Campos;Guerra de Viana;MA;Pessoa Física
93aa26cd;Cecilia Porto;Viana de Minas;RS;Pessoa Física
c08562a9;Benicio Sousa;da Mota de Minas;RO;Pessoa Física
124f6e28;Diego Pastor;Barros;MA;Pessoa Jurídica
d0cafe1a;Pedro Miguel Montenegro;Abreu Grande;AL;Pessoa Física
12f07251;Bianca Albuquerque;Lopes;RN;Pessoa Jurídica
46333238;Sr. Vinicius Freitas;Azevedo de Goiás;PE;Pessoa Física
83c96461;Maria Clara Campos;Fernandes;MS;Pessoa Física
def71d53;Augusto Carvalho;Silveira;PE;Pessoa Jurídica
7ba3b9db;Ana da Mota;Cunha da Mata;RN;Pessoa Física
3dd2dd4a;Bento Lima;Nascimento das Pedras;CE;Pessoa Física
227e26a4;Eduardo Martins;Alves;SC;Pessoa Física
7d40815d;Kevin Campos;Machado;GO;Pessoa Jurídica
3821a2f9;Srta. Júlia Pastor;Peixoto;RS;Pessoa Jurídica
9210c228;Gabriela Moreira;Oliveira;SC;Pessoa Jurídica
4a8708f3;Lunna Brito;Câmara de Pinto;PE;Pessoa Jurídica
923af01f;Levi Rocha;Cunha de Minas;RR;Pessoa Física
a985a996;Bryan Pereira;Nascimento;GO;Pessoa Jurídica
e1c3b776;Dr. Daniel Sousa;Duarte;MS;Pessoa Jurídica
4635d632;Miguel da Rocha;Cassiano da Prata;AC;Pessoa Física
938e9a42;Maria Luiza Ramos;da Rocha;SC;Pessoa Física
6d2e8d67;Ravi das Neves;Caldeira Grande;ES;Pessoa Jurídica
f4750fcd;Anthony Gabriel Martins;Sousa;CE;Pessoa Física
6f8f6214;Antony Cassiano;Costela;CE;Pessoa Física
2c4bfc12;Alice Barros;Fonseca do Norte;AM;Pessoa Jurídica
7e86bd0f;Guilherme Mendonça;Silva;RO;Pessoa Física
a28daaf6;Lorenzo Montenegro;das Neves;AC;Pessoa Física
1abb868a;Benício Freitas;Almeida de Oliveira;RJ;Pessoa Jurídica
72271111;Enrico da Cunha;Farias de Pimenta;RO;Pessoa Jurídica
b268e0bf;Srta. Isabella Rodrigues;Siqueira de Sousa;RN;Pessoa Física
4358f3e0;Yan Garcia;Correia da Serra;RN;Pessoa Física
7ce7811a;Dra. Marina da Cruz;Andrade;RO;Pessoa Física
8a2ac14b;Apollo da Paz;Souza da Praia;SE;Pessoa Física
ae07018a;Benjamin Peixoto;Ribeiro de Minas;CE;Pessoa Física
ba5a355d;Cecília Barros;Pereira;AM;Pessoa Física
76e08eab;Dr. Nathan da Mota;Ferreira;GO;Pessoa Física
5ccf378a;Dr. Pedro Lucas Barros;Lopes Alegre;SE;Pessoa Física
6c589484;Fernanda Fogaça;Barros do Norte;PB;Pessoa Jurídica
dc78911a;Benjamin Silva;Câmara de Alves;RN;Pessoa Física
1680aa36;José Pedro Nogueira;da Mota da Serra;PA;Pessoa Física
e8bcf3dc;Ana Lívia Pacheco;Rocha do Sul;SE;Pessoa Jurídica
79833d5a;Srta. Nicole Pinto;Lopes;SE;Pessoa Física
bd39cff4;Nicole Casa Grande;da Cunha Alegre;GO;Pessoa Física
f2e2b99e;Pedro Miguel Moura;Rodrigues;RR;Pessoa Jurídica
4c117e7d;Dr. Marcelo Cavalcante;Cavalcante;SP;Pessoa Jurídica
6c9c4428;Dr. Igor Almeida;Pastor das Flores;AP;Pessoa Física
ba3d75c6;Henrique Santos;Cavalcanti do Norte;CE;Pessoa Física
0c2788ee;Dr. Gabriel Castro;da Cruz;MS;Pessoa Física
4c22936d;Dr. Matteo Pimenta;Mendonça;PI;Pessoa Física
b1ee0e61;Juliana Ramos;da Conceição;RO;Pessoa Física
2059bb6f;Antonella da Conceição;Melo;PA;Pessoa Jurídica
8cc8b69b;Caroline Mendonça;Melo de Porto;MS;Pessoa Física
faf6b1d9;Isaac Monteiro;Fernandes;CE;Pessoa Física
5c364108;Allana Machado;Barbosa de Pereira;RJ;Pessoa Jurídica
d8c17582;Maya Teixeira;Novais;DF;Pessoa Jurídica
8f7ddf55;Valentina Siqueira;Marques da Praia;PE;Pessoa Física
6193f9a6;Vitória Carvalho;da Paz do Amparo;MG;Pessoa Física
8277639a;Ana Carolina Peixoto;Fernandes;BA;Pessoa Jurídica
a23be27e;Beatriz Farias;Dias;CE;Pessoa Jurídica
59b0ce08;João Pacheco;Guerra do Campo;MG;Pessoa Jurídica
fe62bbe8;Sabrina Correia;Moraes;RJ;Pessoa Física
a3b49847;Natália Campos;Novaes de Castro;BA;Pessoa Física
8cb79f2b;Renan Mendes;Dias Verde;PE;Pessoa Física
b3ec9a98;Isabelly Pinto;Borges;DF;Pessoa Física
7ca843d4;Thiago Sá;Pimenta;RO;Pessoa Jurídica
f31ce541;Dra. Ana Cecília Correia;Peixoto da Serra;BA;Pessoa Jurídica
a2c0acbe;Pedro Fonseca;Novaes das Flores;RO;Pessoa Física
7864b038;Luiz Miguel Cardoso;Viana;MG;Pessoa Física
f5010081;Vitória Caldeira;Sá;MT;Pessoa Física
f5230555;Heitor Nogueira;da Cruz de Nunes;RJ;Pessoa Física
923513bb;Bruna Nogueira;Machado do Campo;RO;Pessoa Física
e1e31e98;Sra. Isadora Azevedo;Andrade;AP;Pessoa Física
a48dccb4;Elisa Vasconcelos;Andrade das Pedras;AM;Pessoa Física
a5f9ab34;Eloá da Rosa;Alves de Almeida;PR;Pessoa Física
abc5cad3;Ana Beatriz Aparecida;Gonçalves;ES;Pessoa Jurídica
252be5cf;Cecilia Cardoso;Machado da Praia;MT;Pessoa Física
4c136a35;Felipe Pimenta;Cirino;MG;Pessoa Jurídica
2f497b69;Alice Nogueira;Rios da Serra;SE;Pessoa Física
534e4dcf;Caleb da Conceição;Viana;RR;Pessoa Jurídica
9dcf4220;Rafael Novaes;Sales;AM;Pessoa Física
5027434b;Dr. Erick Guerra;Barros Grande;PA;Pessoa Física
ceed44e3;Luna Caldeira;Porto da Praia;AP;Pessoa Jurídica
ed119ed4;Yago Pacheco;da Luz;AP;Pessoa Jurídica
c8b43324;Dr. Luiz Miguel Barbosa;da Cunha das Pedras;RJ;Pessoa Física
25aaf776;Ana Julia Montenegro;Mendonça;RJ;Pessoa Física
52f00a29;Bryan Nunes;Campos;RO;Pessoa Jurídica
66a20576;Henry Gabriel da Luz;Castro;SC;Pessoa Física
1b46a69e;Ian Peixoto;Fernandes;ES;Pessoa Jurídica
481c63b5;Gabrielly Correia;Peixoto Paulista;PI;Pessoa Jurídica
e4abb08c;Davi Ribeiro;Vieira;GO;Pessoa Física
26d6c472;José Rodrigues;Campos;DF;Pessoa Física
455a30ef;Maria Eduarda Teixeira;Jesus de Souza;PR;Pessoa Jurídica
2faa5c14;Dr. Oliver Andrade;da Rocha das Pedras;SP;Pessoa Jurídica
524a4af0;Lorenzo Porto;Nunes;MS;Pessoa Jurídica
79b982f4;Laís Souza;Silva;RR;Pessoa Física
ef0684c6;Isadora Rios;Pires da Serra;PR;Pessoa Jurídica
bfca07ee;Vinícius Rocha;das Neves do Norte;PA;Pessoa Jurídica
1e0350ad;Luiz Henrique Correia;Albuquerque;SP;Pessoa Física
429d9eab;Breno da Rosa;Barros;RO;Pessoa Jurídica
5c827121;Dr. Renan Fonseca;Cardoso;DF;Pessoa Jurídica
9d5198a8;Sra. Julia Ribeiro;Sousa do Galho;AC;Pessoa Física
4638bbde;Ana Cecília Ramos;Sousa de Gomes;PR;Pessoa Jurídica
2b17f533;Maria Laura Mendes;Martins;AC;Pessoa Física
e10a310c;Augusto Sales;Nascimento;PA;Pessoa Física
e3deecef;Sr. Diego Moraes;Dias;MT;Pessoa Jurídica
1beeeabb;Esther Novais;Garcia do Galho;AL;Pessoa Física
3523f3fc;Daniel Pacheco;Cavalcante;RN;Pessoa Jurídica
8c297787;Ravy da Paz;Abreu Grande;AP;Pessoa Física
1d303e77;Leandro Farias;Martins do Galho;RS;Pessoa Física
fd54c19e;Henry Monteiro;da Mata da Mata;RR;Pessoa Jurídica
a16ca43d;Dr. Gael Moura;Barbosa de Montenegro;SE;Pessoa Física
947ad8ff;Isaque Silveira;Almeida;PA;Pessoa Física
46dc18f1;Davi Miguel da Cruz;da Mata de Araújo;RJ;Pessoa Física
155ae405;Sra. Nicole Cardoso;Moreira;MA;Pessoa Jurídica
161aa513;Maria Julia Costa;das Neves de da Costa;MA;Pessoa Jurídica
7ebe5a4d;João Vitor Machado;Rocha;DF;Pessoa Física
40bb1842;Yasmin Casa Grande;Machado;PB;Pessoa Jurídica
621913fb;Sra. Isabella Porto;Moura;SE;Pessoa Física
35a168c9;Melissa Freitas;Lopes dos Dourados;PI;Pessoa Jurídica
7e42c727;Cauê Campos;Jesus;MA;Pessoa Jurídica
555f5c07;Nina Guerra;Teixeira do Norte;RJ;Pessoa Jurídica
076e922f;Maria Rezende;Araújo da Praia;ES;Pessoa Física
731b0887;Arthur Miguel Rocha;Machado das Flores;SC;Pessoa Física
81fcc600;Gustavo Cardoso;Araújo de Minas;AP;Pessoa Física
088a5c89;Cecilia Andrade;da Rocha;PB;Pessoa Física
91e8b8d5;Maria Fernanda Rocha;Peixoto;PB;Pessoa Jurídica
a4e9cbf4;Ravy Nunes;Viana da Praia;SC;Pessoa Física
dcadecf8;Thomas da Mota;Montenegro de Freitas;SC;Pessoa Física
22cd32c5;Antony Cavalcanti;Costa de Minas;MS;Pessoa Física
0b4a947a;Zoe Azevedo;da Mota;PA;Pessoa Jurídica
3c8113bf;Mirella Caldeira;Cardoso;PB;Pessoa Física
ebab6ebb;Dr. Pedro Henrique Silva;Andrade;PA;Pessoa Física
eee09ce3;Sophie Ribeiro;Pacheco;ES;Pessoa Física
17dac830;Srta. Milena Moraes;Rodrigues;RO;Pessoa Física
b113a9a6;Ana Beatriz da Cruz;Abreu Paulista;PE;Pessoa Jurídica
535270a3;Ana Julia da Conceição;Souza;RR;Pessoa Física
762f1cd0;Henry Camargo;da Conceição Alegre;CE;Pessoa Jurídica
e49db18c;Rodrigo Monteiro;Oliveira;SP;Pessoa Física
f6d29045;Hadassa Peixoto;Aragão;MG;Pessoa Física
f0e549fc;Maria Eduarda Duarte;Ramos;PR;Pessoa Física
7239c7c1;Noah Mendes;Fernandes;RR;Pessoa Jurídica
e832dc2c;Maria Fernanda Siqueira;Silva de Silveira;RN;Pessoa Física
efba6c0a;Matheus da Rocha;Monteiro das Flores;MG;Pessoa Física
78e458c6;Thales Teixeira;da Rocha da Serra;CE;Pessoa Física
4f13728e;Vitor Gabriel Marques;Moraes Grande;ES;Pessoa Física
ce492cf9;Olivia da Cunha;da Rocha do Amparo;AM;Pessoa Jurídica
fdb529d7;Sra. Julia da Rocha;Borges;MG;Pessoa Física
7f732ce9;Arthur Miguel Nunes;Câmara;RO;Pessoa Jurídica
26966a15;Ana Clara Nascimento;Jesus do Galho;PI;Pessoa Física
28223a65;Alexandre Fernandes;Fernandes;BA;Pessoa Física
4930b15f;Juliana Machado;Pereira de Martins;AP;Pessoa Jurídica
4b548118;Valentina Nascimento;Cavalcanti;RS;Pessoa Física
a0445624;Ana Clara Brito;Sá;GO;Pessoa Física
22357516;Ayla Pastor;Machado do Oeste;PA;Pessoa Física
4feb5a59;Ian Farias;da Mata;PA;Pessoa Física
a15676d0;Ana Lívia Sales;Cavalcanti;AC;Pessoa Física
5e45a050;Luara Nunes;Mendes Alegre;PB;Pessoa Jurídica
6daa3525;Catarina da Mota;Costela Grande;ES;Pessoa Física
d3812ae6;João Miguel Teixeira;Cavalcante do Norte;MS;Pessoa Física
6b9be8f8;Benjamin Teixeira;da Conceição do Oeste;AC;Pessoa Jurídica
193afd4d;Ravy Siqueira;Moreira Grande;TO;Pessoa Física
3eaf3b1b;Otávio Alves;das Neves;RN;Pessoa Jurídica
5ce8f094;Danilo Caldeira;Novaes;AM;Pessoa Física
0e67c927;Anna Liz Nogueira;Camargo do Norte;PI;Pessoa Jurídica
50988186;Gustavo Macedo;Ferreira;PR;Pessoa Jurídica
79d25427;Maysa Andrade;Fogaça Paulista;RJ;Pessoa Jurídica
be9b94c1;Igor Cavalcanti;Nogueira;AM;Pessoa Jurídica
a6b8c548;Luan Novais;Peixoto de Lima;SC;Pessoa Jurídica
0d9be6b3;Thales Novaes;Peixoto;MS;Pessoa Jurídica
a2a85d11;Lorena Sales;Pastor de Aparecida;PB;Pessoa Física
f823ee41;Vitória Pinto;Costela;MA;Pessoa Física
dc151494;Ana Rodrigues;Caldeira;PR;Pessoa Física
97dce2e2;Paulo Sales;Vieira Verde;AC;Pessoa Física
16e6b867;Gael Henrique Machado;da Mata das Flores;BA;Pessoa Física
b0838967;Pedro Henrique Viana;Monteiro das Flores;PB;Pessoa Jurídica
711e4863;Calebe Gomes;Moura;AC;Pessoa Física
ee56aaa3;Pedro da Conceição;Lopes do Amparo;SE;Pessoa Física
24b81305;José Pinto;Rocha;AP;Pessoa Física
29b99108;Gabrielly Mendonça;Pimenta dos Dourados;RS;Pessoa Jurídica
ded0a6ce;Manuella Silveira;Lima;PA;Pessoa Física
8f17bde9;Evelyn Oliveira;Cirino das Flores;MT;Pessoa Física
25ebd8ff;Ayla Câmara;Almeida de da Paz;RR;Pessoa Jurídica
1f2034a7;Sra. Lívia Pires;Pacheco de Campos;SP;Pessoa Física
47d776e6;Sra. Nicole Sá;Lopes;AM;Pessoa Física
6df2e1dc;Dr. Daniel Freitas;da Paz do Campo;ES;Pessoa Física
4180ad4b;Dra. Nicole Correia;Ferreira;AM;Pessoa Jurídica
822e30f3;Sr. Eduardo Guerra;Pires de Goiás;PR;Pessoa Física
e136f7d8;João Vitor Almeida;Monteiro de Sampaio;SE;Pessoa Jurídica
47a03452;Sra. Isabelly Barros;Oliveira das Flores;RS;Pessoa Jurídica
1f0a88f2;Sofia Alves;Freitas do Sul;MT;Pessoa Jurídica
d66bad7a;Kamilly das Neves;Gomes das Pedras;MS;Pessoa Física
f81a3b27;André Monteiro;Barros;SP;Pessoa Física
e98d9431;Sra. Mariah da Costa;Abreu de da Cunha;SC;Pessoa Física
68aebb4b;Rafael Viana;Novaes;PA;Pessoa Jurídica
d9ce7576;Bento Nunes;Teixeira de Machado;AL;Pessoa Jurídica
34456edf;Maria Alice da Mota;Viana;PI;Pessoa Física
74f0e04e;Dante Pacheco;Duarte;PA;Pessoa Física
4ca563a6;Helena Ramos;Ribeiro;SE;Pessoa Física
a9133a48;Arthur Miguel Carvalho;Jesus das Pedras;MA;Pessoa Jurídica
bbec5143;Srta. Aylla Dias;Pereira de Nunes;GO;Pessoa Física
12eab9be;Lorena Leão;Viana de da Luz;CE;Pessoa Física
889d6af2;Isaque Jesus;Jesus;RO;Pessoa Jurídica
6f5ccee6;Evelyn Cirino;Leão;MG;Pessoa Física
4eebcef3;Eduarda Vieira;Leão;MG;Pessoa Física
86fe5aa1;João Gabriel Mendes;Mendes de Alves;SP;Pessoa Jurídica
c131fb7b;Henry Gabriel Novaes;Pires de Minas;TO;Pessoa Física
8d23379d;Noah Vargas;Rodrigues de Pinto;PA;Pessoa Física
a9030be0;Pedro Miguel Fernandes;da Conceição;MG;Pessoa Física
d57287f4;Vinícius da Cunha;Costa de Andrade;GO;Pessoa Física
b0d3978e;Dra. Ester Cirino;Dias do Galho;SE;Pessoa Física
9fb5c97d;Ana Clara Rezende;Souza de Araújo;AL;Pessoa Jurídica
d61dd9b9;Pedro Henrique Leão;Almeida;SC;Pessoa Jurídica
5cb2210d;Maria Fernanda da Conceição;Ramos;MS;Pessoa Física
36f60583;Maria Helena Monteiro;Fernandes do Norte;SP;Pessoa Física
f01463af;Letícia Lopes;Pimenta de Marques;AC;Pessoa Jurídica
c02e4568;Sr. Ravi Pires;Almeida de Silveira;TO;Pessoa Física
170e5b8e;Lívia da Cunha;Machado;CE;Pessoa Jurídica
c5d3bebe;Isaque Rios;Teixeira do Galho;PI;Pessoa Física
13e290d6;Sra. Marina Cunha;Abreu das Flores;SC;Pessoa Jurídica
ef421678;Anna Liz Martins;Moura Verde;TO;Pessoa Jurídica
52962403;Maria Eduarda Leão;Pires;RO;Pessoa Física
c96cea7e;Jade Abreu;Ferreira;BA;Pessoa Jurídica
24269736;Emilly Duarte;Pinto;MT;Pessoa Jurídica
ffb14116;Mirella Mendonça;Pires da Serra;PE;Pessoa Física
1da1242b;Cecilia Aragão;Borges Grande;RJ;Pessoa Jurídica
b38de1b6;João Câmara;Rodrigues;RN;Pessoa Física
1e5d97e2;Srta. Giovanna Alves;Marques da Mata;RO;Pessoa Física
73a146cf;Sr. Rafael da Cunha;Leão Grande;ES;Pessoa Física
4a90aae7;Apollo Casa Grande;Vieira de Goiás;MA;Pessoa Física
b2f11f22;Marcelo Aragão;Teixeira;MG;Pessoa Física
f58773f6;Arthur Gabriel Nunes;Campos de Alves;AM;Pessoa Jurídica
d70c66ee;Maria Liz Moreira;Teixeira do Campo;RR;Pessoa Física
49d5e0d2;João Rios;Duarte de Vieira;SE;Pessoa Física
2478a7a6;Hellena Rodrigues;Alves;RR;Pessoa Física
6086aae9;Luiz Gustavo Rocha;Gomes;AL;Pessoa Jurídica
8e9e06a2;Dra. Maysa Rodrigues;Barros da Mata;RN;Pessoa Física
5a02ec41;Marcos Vinicius Sá;Martins;SE;Pessoa Jurídica
52a45a64;Liz Pereira;Oliveira do Amparo;MT;Pessoa Jurídica
44f37d5d;Alexia Cirino;Freitas de Cavalcante;PB;Pessoa Física
e548da6b;Dr. Théo Mendonça;Nogueira;MT;Pessoa Física
3052dfea;Dra. Isabel Viana;Mendes de Câmara;TO;Pessoa Física
b0ac22d5;Stella das Neves;Farias Paulista;BA;Pessoa Jurídica
b2ac3fb7;Dr. Luiz Felipe Ribeiro;Aragão;BA;Pessoa Jurídica
fe4dba88;Sr. Davi Luiz Farias;Vargas Verde;AC;Pessoa Física
72050a0c;Manuella Cunha;Cavalcanti;SE;Pessoa Jurídica
866c7ea3;Sra. Maria Sophia da Rosa;Nogueira da Serra;GO;Pessoa Física
4a2b9971;Ana Liz Mendonça;da Mota;GO;Pessoa Física
1b3bb2a6;Henrique Costela;Novaes Verde;MG;Pessoa Física
e3660109;Theodoro Costa;Albuquerque de Minas;RO;Pessoa Física
470c7e15;Vicente da Costa;Rios;PI;Pessoa Jurídica
ac38d983;Heitor Pereira;da Mota da Mata;RR;Pessoa Jurídica
a4feb060;João Guilherme Moura;Moreira;AM;Pessoa Física
828eaab7;Isabel da Conceição;Teixeira das Pedras;PA;Pessoa Física
84c2b966;Antony Andrade;Farias da Prata;SC;Pessoa Física
2f1de8c5;Sr. Valentim Carvalho;Azevedo;RN;Pessoa Jurídica
09f00071;Hadassa Novais;Gomes;DF;Pessoa Física
486c27c6;Beatriz da Rocha;Cirino do Campo;MT;Pessoa Física
847fb300;Ana Vitória Garcia;Monteiro Grande;PI;Pessoa Física
a428e616;Isabella Cirino;Barros de Garcia;MT;Pessoa Jurídica
f51e0076;Emanuelly da Cruz;Câmara;MG;Pessoa Jurídica
c7bd4828;Ana Julia das Neves;da Cunha;AL;Pessoa Física
8ca79ce4;Maria Helena Santos;da Cunha das Pedras;AP;Pessoa Física
1c375976;Joana Barbosa;Carvalho da Prata;RO;Pessoa Jurídica
ba65ec1a;Bárbara da Mata;Pereira Paulista;SC;Pessoa Física
1c724807;Esther Gomes;Moura;MA;Pessoa Física
7e8d30a6;Sr. Luiz Gustavo Fernandes;Melo das Pedras;AM;Pessoa Física
345d102a;Dra. Maria Laura Guerra;Costa;PR;Pessoa Física
fa6d344d;Julia Carvalho;da Rocha;BA;Pessoa Física
f9a47475;Alice Sousa;Porto de Mendonça;ES;Pessoa Física
5e89ab29;Maria Luísa Lopes;Freitas das Pedras;DF;Pessoa Jurídica
6818de3d;Pedro Carvalho;Rodrigues;GO;Pessoa Jurídica
7651f90a;Sra. Hadassa Martins;Pereira;DF;Pessoa Física
eb0116cb;Giovanna Pereira;Correia do Sul;PI;Pessoa Física
e4594ed8;Mirella Dias;Moraes Alegre;PE;Pessoa Física
86bb3749;Vicente Cavalcante;Moraes do Oeste;MA;Pessoa Jurídica
24a957f1;Dra. Agatha Rocha;da Cunha da Prata;CE;Pessoa Física
c6e9cec3;Davi Lucas Vargas;Nogueira;RR;Pessoa Física
9f564a98;Joaquim Carvalho;Cavalcanti de Brito;RO;Pessoa Física
52a8db2d;Apollo Vargas;Cunha da Serra;DF;Pessoa Física
88391ba4;Rhavi Costa;Sousa do Oeste;PB;Pessoa Física
1f1a54be;Diego Teixeira;Cavalcanti do Campo;MS;Pessoa Jurídica
6d62aa79;Sr. Otávio da Cruz;Pinto;ES;Pessoa Física
91dcd28d;Raul Silva;Garcia;RR;Pessoa Jurídica
de660d0d;Dr. Davi Lucas Cavalcanti;Mendes;MT;Pessoa Física
627ccecd;Heloisa Macedo;Pimenta da Praia;TO;Pessoa Jurídica
d6f76fa6;Eduardo Gonçalves;Barbosa;PE;Pessoa Física
3f05c348;Ian Monteiro;das Neves da Praia;PB;Pessoa Física
a7371f17;Ana Sophia Sampaio;Fernandes do Campo;SP;Pessoa Jurídica
e4db8da2;Thales Azevedo;Albuquerque;RR;Pessoa Jurídica
bee02918;Carlos Eduardo da Paz;Siqueira;AC;Pessoa Jurídica
259bfdcf;Mariane Correia;Cunha;BA;Pessoa Física
0b9c52bc;Sr. Vitor Moura;Camargo Alegre;MG;Pessoa Física
ecc2ffb3;Raquel Santos;Machado do Campo;RJ;Pessoa Física
f9173503;Pietro da Conceição;Lopes;ES;Pessoa Física
11c3c108;Julia Garcia;Leão do Amparo;RR;Pessoa Física
7dc8fcb5;Arthur Miguel da Mota;da Conceição;PI;Pessoa Jurídica
ce85f83b;Luigi da Rosa;Machado;DF;Pessoa Física
4955ec85;Sophia Campos;Mendes;CE;Pessoa Física
da30e0b4;Josué Castro;Pimenta;MT;Pessoa Física
47f9e67f;Sabrina Castro;Caldeira do Amparo;MT;Pessoa Jurídica
66d835f9;Rafael Siqueira;Novaes;PR;Pessoa Física
90d86476;Lara Viana;Mendonça da Mata;RO;Pessoa Jurídica
2d51dfa3;Dr. Daniel da Costa;Barros do Norte;TO;Pessoa Jurídica
34c64d2b;Otto Silveira;Brito;MA;Pessoa Física
63d64e8e;Ana Beatriz Porto;Carvalho;MG;Pessoa Física
89e78834;Luiza Dias;Leão do Galho;SC;Pessoa Física
e76bddf6;João Lucas Vieira;Novaes;AL;Pessoa Física
848088a2;João Vitor Silveira;Gonçalves;MT;Pessoa Física
d1f45013;Maria Flor Vasconcelos;Lima;DF;Pessoa Jurídica
dafe95df;Maria Flor Cunha;Vasconcelos;PB;Pessoa Jurídica
d10a1dcd;Aylla Pinto;Monteiro de Moraes;PA;Pessoa Jurídica
4832a586;Dr. Liam Porto;Barros do Galho;GO;Pessoa Física
6a888a00;Beatriz Câmara;Fernandes da Praia;AL;Pessoa Física
ef6d12e9;Maria Luiza Rocha;Fonseca;ES;Pessoa Física
60abe9d7;Thales Garcia;Teixeira;PR;Pessoa Jurídica
abf7ad43;Sr. Enzo Gabriel Macedo;Novais;AC;Pessoa Física
a896855a;Dr. Lorenzo Leão;Sousa;AC;Pessoa Jurídica
0d85e9f7;Sarah Moraes;Correia de Minas;RJ;Pessoa Jurídica
26b07217;Otávio Borges;Câmara;PA;Pessoa Física
bcab1ccf;Enzo Gabriel Castro;Cassiano de Novais;MA;Pessoa Física
66434200;Sr. Pedro Henrique Moraes;Dias;RR;Pessoa Física
45f84966;Alexandre Rios;Oliveira das Flores;ES;Pessoa Física
ec265679;Nicole Viana;Aparecida de Aparecida;RO;Pessoa Física
eaa36f22;Raul Pacheco;Rocha;DF;Pessoa Jurídica
125b8bdd;Renan Machado;da Paz;GO;Pessoa Física
8350a9e5;Sr. Kaique Novais;Correia;PE;Pessoa Física
0977eeca;Alexandre da Conceição;Abreu do Campo;AM;Pessoa Física
d94c3ab9;Sophie Santos;Siqueira das Pedras;AP;Pessoa Jurídica
c96da097;Dra. Ísis Gonçalves;Brito de Garcia;RR;Pessoa Física
be73a905;Ana Cecília Pinto;da Rocha Alegre;SC;Pessoa Jurídica
a528b103;Sra. Allana Rocha;da Paz;PI;Pessoa Física
f28db343;Aurora da Cruz;Lopes de Goiás;RN;Pessoa Física
ea8d3297;Sra. Maria Liz Dias;Vasconcelos do Galho;SC;Pessoa Física
99a2ba14;João Gabriel da Conceição;Machado do Amparo;RN;Pessoa Física
9bb3db61;Pedro Lucas Jesus;Mendonça de Moraes;RO;Pessoa Jurídica
b6ef2cf0;Gabriel Marques;Gonçalves da Prata;DF;Pessoa Física
88ff1d61;Anthony Gabriel Melo;Silva;PR;Pessoa Física
3ed54c40;Ana Beatriz Araújo;Machado;ES;Pessoa Física
9bd66fd2;Daniel da Costa;Fonseca;CE;Pessoa Física
bf50d719;Gustavo Mendonça;Mendonça;TO;Pessoa Jurídica
6cdc00db;Benjamin Sampaio;Barbosa do Campo;TO;Pessoa Física
e7c866b5;Ana Cecília Camargo;Silveira;PB;Pessoa Física
66f4f613;Pedro Araújo;Câmara;PI;Pessoa Física
17e10fd8;Vinícius Cavalcanti;Fonseca de Ribeiro;GO;Pessoa Física
